INSERT INTO CATEGORIA(ID, DESCRICAO) VALUES (1, 'TERROR');
INSERT INTO CATEGORIA(ID, DESCRICAO) VALUES (2, 'COMÉDIA');
INSERT INTO CATEGORIA(ID, DESCRICAO) VALUES (3, 'AÇÃO');
INSERT INTO CATEGORIA(ID, DESCRICAO) VALUES (4, 'AVENTURA');
INSERT INTO CATEGORIA(ID, DESCRICAO) VALUES (5, 'DOCUMENTÁRIO');
INSERT INTO CATEGORIA(ID, DESCRICAO) VALUES (6, 'SUSPENSE');

INSERT INTO ESTRELA(ID, NOME, SOBRENOME, NOME_REAL) VALUES(1, 'SCARLET', 'JOHANSON', 'SCARLET JOHANSON');
INSERT INTO ESTRELA(ID, NOME, SOBRENOME, NOME_REAL) VALUES(2, 'JOHN', 'WEEK', 'XPTO');
INSERT INTO ESTRELA(ID, NOME, SOBRENOME, NOME_REAL) VALUES(3, 'HOMEM', 'DE FERRO', 'CARL MEGAN');
INSERT INTO ESTRELA(ID, NOME, SOBRENOME, NOME_REAL) VALUES(4, 'HOMEM', 'ARANHA', 'PETER PARK');
INSERT INTO ESTRELA(ID, NOME, SOBRENOME, NOME_REAL) VALUES(5, 'PELE', 'DA SILVA', 'JOÃO DE SOUZA');
INSERT INTO ESTRELA(ID, NOME, SOBRENOME, NOME_REAL) VALUES(6, 'RONALDINHO', 'GAÚCHO', 'RODRIGO LIMA');
INSERT INTO ESTRELA(ID, NOME, SOBRENOME, NOME_REAL) VALUES(7, 'AIRTON', 'SENNA', 'AIRTON SENNA');
INSERT INTO ESTRELA(ID, NOME, SOBRENOME, NOME_REAL) VALUES(8, 'BARACK', 'OBAMA', 'BARACK OBAMA');
INSERT INTO ESTRELA(ID, NOME, SOBRENOME, NOME_REAL) VALUES(9, 'LUCY', 'CRISLY', 'AMANDA CAMPOS');
INSERT INTO ESTRELA(ID, NOME, SOBRENOME, NOME_REAL) VALUES(10, 'LUKE', 'SKYWALTER', 'NAPOLEÃO BONAPARTE');

INSERT INTO CLIENTE(ID, NOME, SOBRENOME, TELEFONE, LOGRADOURO, CIDADE, ESTADO, CEP) VALUES (1, 'ANA', 'DE SOUZA', '4799985-4444', 'RUA 1', 'JOINVILLE', 'SANTA CATARINA', '88888-100');
INSERT INTO CLIENTE(ID, NOME, SOBRENOME, TELEFONE, LOGRADOURO, CIDADE, ESTADO, CEP) VALUES (2, 'AMANDA', 'CAMPOS', '4799985-4444', 'RUA 2', 'JOINVILLE', 'SANTA CATARINA', '88888-100');
INSERT INTO CLIENTE(ID, NOME, SOBRENOME, TELEFONE, LOGRADOURO, CIDADE, ESTADO, CEP) VALUES (3, 'ARIANE', 'DE LIMA', '4799985-4444', 'RUA 3', 'JOINVILLE', 'SANTA CATARINA', '88888-100');
INSERT INTO CLIENTE(ID, NOME, SOBRENOME, TELEFONE, LOGRADOURO, CIDADE, ESTADO, CEP) VALUES (4, 'BRUNO', 'DE CASTRO', '4799985-4444', 'RUA 4', 'JOINVILLE', 'SANTA CATARINA', '88888-100');
INSERT INTO CLIENTE(ID, NOME, SOBRENOME, TELEFONE, LOGRADOURO, CIDADE, ESTADO, CEP) VALUES (5, 'BERNARDO', 'HIERTZ', '4799985-4444', 'RUA 5', 'JOINVILLE', 'SANTA CATARINA', '88888-100');
INSERT INTO CLIENTE(ID, NOME, SOBRENOME, TELEFONE, LOGRADOURO, CIDADE, ESTADO, CEP) VALUES (6, 'BEATRIZ', 'MUELLER', '4799985-4444', 'RUA 6', 'JOINVILLE', 'SANTA CATARINA', '88888-100');
INSERT INTO CLIENTE(ID, NOME, SOBRENOME, TELEFONE, LOGRADOURO, CIDADE, ESTADO, CEP) VALUES (7, 'CARLOS', 'KORN', '4799985-4444', 'RUA 7', 'JOINVILLE', 'SANTA CATARINA', '88888-100');
INSERT INTO CLIENTE(ID, NOME, SOBRENOME, TELEFONE, LOGRADOURO, CIDADE, ESTADO, CEP) VALUES (8, 'CAROLINA', 'MATTOS', '4799985-4444', 'RUA 8', 'JOINVILLE', 'SANTA CATARINA', '88888-100');
INSERT INTO CLIENTE(ID, NOME, SOBRENOME, TELEFONE, LOGRADOURO, CIDADE, ESTADO, CEP) VALUES (9, 'CRISTIANO', 'GUEDES', '4799985-4444', 'RUA 9', 'JOINVILLE', 'SANTA CATARINA', '88888-100');
INSERT INTO CLIENTE(ID, NOME, SOBRENOME, TELEFONE, LOGRADOURO, CIDADE, ESTADO, CEP) VALUES (10, 'DIEGO', 'DE SOUZA', '4799985-4444', 'RUA 10', 'JOINVILLE', 'SANTA CATARINA', '88888-100');
INSERT INTO CLIENTE(ID, NOME, SOBRENOME, TELEFONE, LOGRADOURO, CIDADE, ESTADO, CEP) VALUES (11, 'DIOGENES', 'HERT', '4799985-4444', 'RUA 11', 'JOINVILLE', 'SANTA CATARINA', '88888-100');
INSERT INTO CLIENTE(ID, NOME, SOBRENOME, TELEFONE, LOGRADOURO, CIDADE, ESTADO, CEP) VALUES (12, 'JOÃO', 'DE SOUZA', '4799985-4444', 'RUA 12', 'JOINVILLE', 'SANTA CATARINA', '88888-100');
INSERT INTO CLIENTE(ID, NOME, SOBRENOME, TELEFONE, LOGRADOURO, CIDADE, ESTADO, CEP) VALUES (13, 'JULIANA', 'DE SOUZA', '4799985-4444', 'RUA 13', 'JOINVILLE', 'SANTA CATARINA', '88888-100');
INSERT INTO CLIENTE(ID, NOME, SOBRENOME, TELEFONE, LOGRADOURO, CIDADE, ESTADO, CEP) VALUES (14, 'LUCAS', 'LIMA', '4799985-4444', 'RUA 14', 'JOINVILLE', 'SANTA CATARINA', '88888-100');

INSERT INTO FILME(ID, TITULO, DURACAO_EM_MIN, VALOR_ALUGUEL, NUM_DISCO, CATEGORIA_ID) VALUES (1, 'SENHOR DOS ANÉIS', 180, 5.00, 2, 4);
INSERT INTO FILME(ID, TITULO, DURACAO_EM_MIN, VALOR_ALUGUEL, NUM_DISCO, CATEGORIA_ID) VALUES (2, 'HARRY POTTER', 200, 5.00, 3, 4);
INSERT INTO FILME(ID, TITULO, DURACAO_EM_MIN, VALOR_ALUGUEL, NUM_DISCO, CATEGORIA_ID) VALUES (3, 'LA CASA DE PAPEL', 180, 6.00, 2, 3);
INSERT INTO FILME(ID, TITULO, DURACAO_EM_MIN, VALOR_ALUGUEL, NUM_DISCO, CATEGORIA_ID) VALUES (4, 'RESIDENT EVIL 2', 100, 2.00, 1, 1);
INSERT INTO FILME(ID, TITULO, DURACAO_EM_MIN, VALOR_ALUGUEL, NUM_DISCO, CATEGORIA_ID) VALUES (5, 'THE WALKING DEAD', 220, 8.00, 3, 1);
INSERT INTO FILME(ID, TITULO, DURACAO_EM_MIN, VALOR_ALUGUEL, NUM_DISCO, CATEGORIA_ID) VALUES (6, 'JOGOS MORTAIS', 90, 3.00, 1, 1);
INSERT INTO FILME(ID, TITULO, DURACAO_EM_MIN, VALOR_ALUGUEL, NUM_DISCO, CATEGORIA_ID) VALUES (7, 'O PODEROSO CHEFÃO', 180, 7.00, 3, 5);
INSERT INTO FILME(ID, TITULO, DURACAO_EM_MIN, VALOR_ALUGUEL, NUM_DISCO, CATEGORIA_ID) VALUES (8, 'DIVERTIDAMENTE', 75, 6.00, 1, 2);

INSERT INTO FILME_ESTRELA(ID, FILME_ID, ESTRELA_ID) VALUES (1, 1, 1);
INSERT INTO FILME_ESTRELA(ID, FILME_ID, ESTRELA_ID) VALUES (2, 3, 5);
INSERT INTO FILME_ESTRELA(ID, FILME_ID, ESTRELA_ID) VALUES (3, 5, 6);
INSERT INTO FILME_ESTRELA(ID, FILME_ID, ESTRELA_ID) VALUES (4, 7, 9);

INSERT INTO EMPRESTIMO(ID, FILME_ID, CLIENTE_ID, DATA_EMPRESTIMO, DATA_DEVOLUCAO, QTD_DISCO, VALOR_TOTAL) VALUES (1, 1, 1, TO_DATE('01/06/2021'), TO_DATE('10/06/2021'), 2, 10.00);
INSERT INTO EMPRESTIMO(ID, FILME_ID, CLIENTE_ID, DATA_EMPRESTIMO, DATA_DEVOLUCAO, QTD_DISCO, VALOR_TOTAL) VALUES (2, 2, 2, TO_DATE('01/06/2021'), TO_DATE('10/06/2021'), 2, 10.00);
INSERT INTO EMPRESTIMO(ID, FILME_ID, CLIENTE_ID, DATA_EMPRESTIMO, DATA_DEVOLUCAO, QTD_DISCO, VALOR_TOTAL) VALUES (3, 3, 3, TO_DATE('01/06/2021'), TO_DATE('10/06/2021'), 2, 12.00);
INSERT INTO EMPRESTIMO(ID, FILME_ID, CLIENTE_ID, DATA_EMPRESTIMO, DATA_DEVOLUCAO, QTD_DISCO, VALOR_TOTAL) VALUES (4, 4, 4, TO_DATE('01/06/2021'), TO_DATE('10/06/2021'), 1, 2.00);
INSERT INTO EMPRESTIMO(ID, FILME_ID, CLIENTE_ID, DATA_EMPRESTIMO, DATA_DEVOLUCAO, QTD_DISCO, VALOR_TOTAL) VALUES (5, 5, 5, TO_DATE('01/06/2021'), TO_DATE('10/06/2021'), 2, 16.00);
INSERT INTO EMPRESTIMO(ID, FILME_ID, CLIENTE_ID, DATA_EMPRESTIMO, DATA_DEVOLUCAO, QTD_DISCO, VALOR_TOTAL) VALUES (6, 6, 6, TO_DATE('01/06/2021'), TO_DATE('10/06/2021'), 1, 3.00);
INSERT INTO EMPRESTIMO(ID, FILME_ID, CLIENTE_ID, DATA_EMPRESTIMO, DATA_DEVOLUCAO, QTD_DISCO, VALOR_TOTAL) VALUES (7, 6, 6, TO_DATE('01/06/2021'), TO_DATE('10/06/2021'), 1, 3.00);
INSERT INTO EMPRESTIMO(ID, FILME_ID, CLIENTE_ID, DATA_EMPRESTIMO, DATA_DEVOLUCAO, QTD_DISCO, VALOR_TOTAL) VALUES (8, 7, 7, TO_DATE('01/06/2021'), TO_DATE('10/06/2021'), 2, 14.00);
INSERT INTO EMPRESTIMO(ID, FILME_ID, CLIENTE_ID, DATA_EMPRESTIMO, DATA_DEVOLUCAO, QTD_DISCO, VALOR_TOTAL) VALUES (9, 8, 7, TO_DATE('01/06/2021'), TO_DATE('10/06/2021'), 1, 6.00);
INSERT INTO EMPRESTIMO(ID, FILME_ID, CLIENTE_ID, DATA_EMPRESTIMO, DATA_DEVOLUCAO, QTD_DISCO, VALOR_TOTAL) VALUES (10, 2, 8, TO_DATE('10/06/2021'), TO_DATE('20/06/2021'), 1, 5.00);
INSERT INTO EMPRESTIMO(ID, FILME_ID, CLIENTE_ID, DATA_EMPRESTIMO, DATA_DEVOLUCAO, QTD_DISCO, VALOR_TOTAL) VALUES (11, 6, 9, TO_DATE('10/06/2021'), TO_DATE('20/06/2021'), 2, 5.00);
INSERT INTO EMPRESTIMO(ID, FILME_ID, CLIENTE_ID, DATA_EMPRESTIMO, DATA_DEVOLUCAO, QTD_DISCO, VALOR_TOTAL) VALUES (12, 4, 10, TO_DATE('10/06/2021'), TO_DATE('20/06/2021'), 2, 5.00);

INSERT INTO BAIXA_EMPRESTIMO(ID, EMPRESTIMO_ID, DATA_BAIXA, JUROS, DESCONTOS, VALOR_A_PAGAR) VALUES (1, 1, TO_DATE('10/06/2021'), 0.0, 0.0, 10.0);
INSERT INTO BAIXA_EMPRESTIMO(ID, EMPRESTIMO_ID, DATA_BAIXA, JUROS, DESCONTOS, VALOR_A_PAGAR) VALUES (2, 2, TO_DATE('10/06/2021'), 0.0, 0.0, 10.0);
INSERT INTO BAIXA_EMPRESTIMO(ID, EMPRESTIMO_ID, DATA_BAIXA, JUROS, DESCONTOS, VALOR_A_PAGAR) VALUES (3, 3, TO_DATE('11/06/2021'), 0.50, 0.0, 10.50);
INSERT INTO BAIXA_EMPRESTIMO(ID, EMPRESTIMO_ID, DATA_BAIXA, JUROS, DESCONTOS, VALOR_A_PAGAR) VALUES (4, 4, TO_DATE('09/06/2021'), 0.0, 0.50, 1.50);
INSERT INTO BAIXA_EMPRESTIMO(ID, EMPRESTIMO_ID, DATA_BAIXA, JUROS, DESCONTOS, VALOR_A_PAGAR) VALUES (5, 5, TO_DATE('08/06/2021'), 0.0, 1.0, 15.0);
INSERT INTO BAIXA_EMPRESTIMO(ID, EMPRESTIMO_ID, DATA_BAIXA, JUROS, DESCONTOS, VALOR_A_PAGAR) VALUES (6, 6, TO_DATE('15/06/2021'), 2.50, 0.0, 5.50);
